f0_,cnt,country_code,filing_year
2.888767262549791,7369566,CN,2015
2.8199427580667598,5768149,CN,2010
2.26722082081606,2018211,CN,2005
2.699742012505834,1966762,US,2010
2.202583006407118,1785826,JP,2000
2.549075173722223,1753086,US,2005
2.143952466221716,1720040,JP,1995
2.1368895422207395,1668031,JP,1990
2.1217963089386633,1583447,JP,1985
2.2438233827902367,1546599,JP,2005
2.4547174047023455,1434348,US,2000
2.8291260268085376,1289067,US,2015
2.3912820168001883,1234391,JP,2010
2.106221340784922,1077533,JP,1980
2.8037092059232287,939015,WO,2010
1.7150110793805031,843910,CN,2000
2.3422109650068266,835020,US,1995
2.6514005085555676,807778,KR,2010
2.89542785158159,765242,WO,2015
2.413292648802782,750490,KR,2005
2.685161873621492,749906,WO,2005
2.8167474436598443,695330,EP,2010
2.725566671982283,670979,EP,2005
2.6501916118658437,588951,EP,2000
2.4839855320068067,564833,JP,2015
2.1646305929075567,555972,US,1990
2.3715761089094864,549594,DE,1995
2.62565988426358,535700,WO,2000
2.011870002370532,518871,KR,2000
2.2970858614602525,518335,DE,1990
2.420273367063259,491354,DE,2000
2.669605335184997,469487,KR,2015
1.9989651425109554,424213,US,1985
2.5047705198542847,407922,EP,1995
2.139128873966261,378843,DE,1985
1.6949062820720575,370260,CN,1995
2.8767298764999554,365344,EP,2015
2.4553035569378703,361069,TW,2010
2.260754087680858,359189,TW,2005
2.3531525864052445,343353,DE,2005
2.6401372816473807,340905,AU,2000
1.7221523693230243,330854,US,1975
1.8202889597509524,330219,US,1980
1.6234020405181642,328544,US,1970
2.122966372461409,326756,JP,1975
3.3106842980695044,325253,SU,1985
1.488767576721749,311776,US,1965
2.3625160066941553,305341,EP,1990
1.9141614239069837,301368,DE,1980
3.3966607396626407,291322,SU,1980
2.4733532731818526,281179,WO,1995
1.6823429858152974,278892,KR,1995
1.799943343187745,275342,DE,1975
2.386404272964521,262862,DE,2010
1.5388999443415143,262314,DE,1965
1.4126627489414785,258143,US,1960
3.3239401093292447,253729,SU,1975
1.7036449748586453,239645,DE,1970
2.0772572021019977,239201,TW,2000
2.170583590915199,238112,EP,1985
1.1223464291119807,231245,US,1925
1.5869181010090454,229722,CN,1990
1.35228193475657,227088,US,1955
1.1029068366722885,215836,US,1920
2.4313557163476496,212006,AU,1995
2.7941551298886966,206369,CA,2000
1.1537422277580789,199106,US,1930
2.894012388162424,199061,CA,2005
1.1765789073200426,197130,US,1935
1.2774988589685075,190617,US,1950
2.558858495528669,190100,TW,2015
1.2116093123277138,189727,US,1945
1.0989828377175925,187679,US,1910
2.9398164876435753,182658,CA,2010
1.4543473607368098,182191,DE,1960
1.0969264495347173,178816,US,1905
2.5478536698048897,177489,CA,1995
1.0901312811226807,176720,US,1915
2.5499922979394034,168786,AT,2000
2.478181796498592,167704,DE,2015
1.2219952516962531,165954,DE,1950
1.2004929262664452,165542,US,1940
3.178788609732256,157538,RU,2010
1.3349887478563556,156859,DE,1955
1.7625128612547376,153562,KR,1990
3.1683712492977483,147739,RU,2005
1.098005008004598,146166,US,1900
2.3424158230633796,145408,CA,1990
3.1616006692693803,143440,RU,1990
1.9491413890386213,142847,EP,1980
2.99801191441362,141845,AU,2010
2.7480137372494737,136563,BR,2010
1.8324110671936757,134090,TW,1995
2.9081486315246354,131789,AU,2005
2.2535517575585655,126909,WO,1990
2.39685643922932,124254,ES,2000
2.6435154733773443,123147,BR,2005
2.5947556615017877,117460,ES,2005
3.369775576151413,112644,RU,2000
2.2222821785739995,111192,AU,1990
2.1550964900919563,108094,CA,1985
2.476923076923078,107315,AT,2005
2.2733668905896223,106882,ES,1995
1.7600199317431813,106363,CA,1970
1.6553138170634467,105348,CN,1985
1.9231077560291272,104783,CA,1980
1.80433222667649,104519,CA,1975
2.4582309346440367,104168,BR,2000
2.507638247818708,100743,AT,1995
3.0024193463557274,95067,CA,2015
1.7699349021425417,94934,KR,1985
2.167918663385572,92652,ES,1990
2.6726354153026923,91644,ES,2010
3.125322399312216,90726,AU,2015
2.2195250177146892,87498,BR,1995
2.3599040255931754,82522,AT,1990
1.005559755175693,82018,FR,1980
3.6411557123952356,81612,RU,1995
2.021763379024862,80686,AU,1985
1.5968617080989378,80171,GB,1965
2.068724429022735,77236,JP,1970
1.6533696922477603,77010,CH,1965
2.1776796308503625,75850,FR,2010
1.960130122584996,75621,FR,2000
2.0270439915596037,74878,FR,2005
1.2260845160772993,74826,GB,1905
1.8092813969106785,74450,GB,1985
1.642885777083535,72341,IT,1980
3.2929018789144044,71850,MX,2010
1.2157322319246546,69971,GB,1910
1.8262396102034966,69780,FR,1990
1.2179671961027354,69382,GB,1900
1.3158692576444437,69266,FR,1960
2.187272066836177,68825,AT,1985
1.9392633523025877,66599,FR,1995
1.986466726814547,64286,GB,2000
1.785069311967442,62904,AU,1980
1.8938491271222986,62609,GB,1995
1.1293264845662705,62493,FR,1925
1.5350329684399209,62484,FR,1985
3.145265992402507,62389,MX,2005
3.1926244641739046,62287,RU,2015
1.0497161476703951,59538,MX,2000
1.1259791895778706,59105,FR,1920
1.8098283692527517,58789,GB,1990
1.5466163874006076,58606,IT,2005
1.5600232900640476,58394,CH,1960
1.2146275364058936,58301,FR,1955
2.1841430022903796,58069,GB,2010
3.1578120142319257,57898,UA,2005
1.245805398270052,57574,DE,1935
1.7807168570981373,57501,GB,1980
1.5040422608105934,56033,IT,1995
1.510143219400693,55998,GB,1960
1.5304715342323465,55839,IT,2000
1.1565265884723317,55588,FR,1950
2.0015305387496403,55536,GB,2005
3.3677750743444177,55485,DD,1985
1.1490010035580693,54805,FR,1910
1.5865668338742989,54224,IT,1985
1.7893258426966292,53756,AU,1975
3.0097155014968653,53111,BR,2015
1.1269069160010596,52834,FR,1930
1.5196392975794975,52675,IT,1990
3.271169643027311,52469,UA,2010
2.0599213193542756,51601,ES,1985
1.1591633621024802,51444,FR,1905
1.5770457373988798,51424,BR,1975
1.8598328821937153,50982,BR,1990
1.7226762002042897,50908,BR,1985
1.143138645857965,50748,FR,1945
1.6418014500836593,50204,BR,1980
2.0542776271727,50168,WO,1985
1.7960994716334482,49019,SE,1970
3.1952600367791386,48397,DD,1980
1.825883880697051,47744,SE,1975
1.746535771686721,46042,AU,1970
1.6883706712083497,45798,SE,1965
1.4093298291721417,45660,FR,1965
1.0025569809989858,45366,FR,1975
1.6490929955422173,45314,IT,2010
1.4581395348837207,45150,CH,1955
2.0401756705281318,44629,AT,1980
1.429180675587247,44317,GB,1955
1.1863781434618255,44179,CH,1950
2.374579124579124,43956,DK,1990
1.875558086560364,43900,CH,1975
1.2636672170243992,43608,DE,1940
3.4251444009688834,42936,SG,2010
1.1781006771247504,41499,DE,1945
2.6948684401802603,41274,PL,2010
2.722455613903476,39990,PL,1995
1.5016549332772935,38068,BR,1970
1.1666842772612005,37856,CA,1910
1.6418044714909377,37795,KR,1980
1.1394770273131485,37784,FR,1935
2.7030847304514176,37637,DK,2000
2.575584681217536,37157,DK,1995
2.2981353050705677,37057,FR,2015
2.64455067446908,36399,CS,1980
1.067718969038026,36238,CH,1945
2.807325501036627,36175,PL,2000
1.0621002507678003,35491,CH,1930
1.057396516625198,35368,CH,1935
2.8005768315889608,33632,DK,2005
1.176381371557723,33626,CA,1905
2.225359728438824,33289,DK,1985
2.141271289537713,32880,FI,1990
1.0752547129522296,32782,CH,1925
1.7231095276122612,32558,CH,1970
3.3384137909842355,32543,MX,2015
1.95289787839426,32334,ZA,1980
3.3055150819977066,32257,SU,1990
1.7725616024422914,32101,ZA,1970
1.2132378241421375,31969,GB,1915
3.1522344600582355,31596,ZA,2005
2.2916507572864955,31428,GB,2015
1.135987954894926,31216,CA,1915
2.449474430902174,31014,CS,1975
1.0447048042937555,30556,CH,1940
1.3888153102443557,30202,GB,1950
2.6728335603015916,30107,ZA,1995
2.7397865904331353,30083,NO,2000
2.4558620921401935,29759,NO,1995
2.2231855589799165,29527,ZA,1985
1.1671925360474973,29475,FR,1900
2.8773813175203617,29343,ZA,2000
2.5779690189328757,29050,CZ,1995
2.1033908305278857,28813,FI,1985
1.140614690050356,28795,FR,1915
2.8219579395249887,28673,CS,1985
2.774887075878008,28559,DK,2010
2.930323397966007,28417,HK,2005
3.2033928635338733,27941,ZA,2010
2.0044628396616884,27785,DK,1980
1.855537779070613,27502,ZA,1975
2.4317401154717544,27366,ZA,1990
1.9392705054619515,27005,DK,1975
2.006800193229534,26911,SU,1955
1.7258985555928787,26793,SE,1980
2.0619268651647227,26499,NO,1985
3.1649913344887337,25965,HK,2010
2.271206135254474,25818,NO,1990
1.1979701398957638,25519,CA,1900
1.1456376643619361,25021,FR,1940
3.112477747208288,24716,NO,2005
1.5309493850712343,24637,SE,1985
2.0858730288422254,24478,FI,1995
1.0929196237002807,24236,CH,1920
2.914424716204415,24049,HU,1990
2.9484196480693843,23982,HU,1995
3.280759493670886,23700,HK,2015
3.2536078098471988,23560,SU,1970
2.7384287843304236,23485,HK,2000
2.833950853881862,23481,PT,2000
1.6873427604754054,23054,SE,1995
3.036503698516217,22847,NZ,2000
2.57898655454824,22833,PL,2005
1.8689486552567238,22495,BE,1970
1.8066189624329156,22360,WO,1980
2.846728386779372,22359,DD,1975
2.367072733787172,22328,MX,1995
1.9029184589056933,21621,CH,1980
2.8072305909617614,21575,NZ,1995
3.0342118718914155,21513,IN,2010
1.9190209790209796,21450,FI,1980
3.1972811829239203,20965,NZ,2005
2.8668989214469796,20954,PL,1990
2.0253067484662575,20864,ES,2015
1.9036144578313254,20750,NO,1980
2.769714562167393,20670,PT,1995
1.0952357683850478,20465,CH,1910
3.3860520564275784,20132,SG,2015
2.56307184640768,20001,HK,1995
1.8210003511764414,19933,NO,1975
1.3172246629298592,19803,SE,1990
3.0166565102579743,19692,PT,2005
1.7722515801471352,19302,SE,2000
3.584404053065914,19146,HU,1985
1.8869987201365186,18752,IT,1975
3.198004398905638,18641,UA,2000
2.4579836512261597,18350,CZ,2000
1.180666666666667,18000,SU,1930
1.4675151447785253,17993,DE,1930
1.0818110937848073,17956,CH,1915
2.396621621621621,17760,MX,1990
1.1111556064073227,17480,CH,1905
1.4276834532374105,17375,SU,1945
2.3063047487321344,17352,SU,1960
2.3654498654498655,17094,CZ,1990
2.3997988879687684,16906,GR,1995
1.15288026660319,16804,SU,1925
1.4022493419478346,16716,TR,2005
1.8909373877648747,16706,FI,1975
1.142215030564546,16686,AT,1910
3.3016627078384793,16419,NZ,2010
1.151593933766636,16155,AT,1905
2.5516663563582203,16113,PL,2015
1.9174048658764815,16030,DK,1970
2.6768199233716463,15660,NZ,1990
3.2294042280589372,15610,RU,1985
3.2342684339209895,15542,MY,2005
3.191889604894876,15363,SG,2005
1.9802683504340957,15204,EP,1975
2.9651685393258416,15130,HU,2000
1.6818878741417236,15001,DK,1965
1.5109611014570246,14962,AT,1960
1.6210816628548366,14866,AT,1965
1.7044694643466396,14655,KR,1975
1.7982498119915225,14627,CH,1985
1.4560579910251983,14485,BE,1960
1.8286149373572376,14447,FI,2000
1.8025887727555896,14447,IT,2015
3.415455561766349,14312,HU,1980
3.5145918511208234,14186,AR,2010
3.247696015879768,14106,AR,2005
2.3401747035011713,14081,NZ,1985
1.3792313747942466,13973,DE,1925
1.415366756148879,13783,BR,1965
1.830790568654646,13699,NO,1970
1.1607977790765631,13688,AT,1900
2.8509330735216967,13343,TR,1995
3.3491035106222706,13274,RO,1985
1.7461120338215312,13246,SU,1950
3.0180241843486213,13149,PT,2010
3.368663594470046,13020,PH,2015
1.6061880206267354,12605,NL,1995
1.3205741626794263,12540,AT,1955
2.905376171781108,12481,ID,1995
1.8349639133921418,12470,MX,1980
1.5802819183408945,12344,TR,2010
1.9170514511873347,12128,FI,2005
1.1430953969312885,11992,AT,1925
1.1194204840465625,11941,CH,1900
2.246591582691168,11809,IN,1985
2.9858510548165706,11803,HU,2010
1.6529341521664966,11724,NL,2000
2.6978621104147007,11647,SG,1995
1.1418372613108556,11626,AT,1930
2.9555979533431618,11531,SG,2000
1.9923944400734328,11439,NZ,1980
1.67419072615923,11430,NO,1965
1.7042766960078253,11247,SE,1960
2.3063784360821984,11241,CZ,2010
3.260523938572717,11070,RO,1980
2.7296856599329655,11039,PT,1990
1.7174070716228471,11030,NL,2005
3.0891690438943593,10867,MY,2000
3.3201264880952395,10752,EA,2005
1.8669162377164252,10685,MX,1975
2.4320767133590295,10637,IN,1990
1.937517670342098,10611,BE,1975
2.1390045420136254,10568,AT,1975
3.2144823004650283,10537,MY,2010
1.2807600950118767,10525,SU,1935
2.843947822750815,10426,MY,1995
2.1132112236944667,10264,IN,1980
1.9031975043868203,10258,NL,2010
1.9155959675825263,10118,GR,1985
3.5525552555255526,9999,EA,2010
1.2088772845953002,9958,AT,1950
2.030290791599354,9904,MX,1985
3.597583265637694,9848,CO,2010
2.152432097490448,9683,TW,1990
3.4811291490021716,9671,BG,1980
2.03899605890894,9642,IN,1975
3.1622779519331234,9570,HU,1975
2.0309873949579833,9520,TR,2000
2.1883185466835653,9468,IT,1970
2.914037687910226,9446,RO,1975
2.1643322997968575,9353,GR,1980
3.162364785262932,9337,SK,1995
1.8696771425506813,9323,FI,1970
1.1275609230105672,9274,AT,1920
2.579221342587572,9221,PT,1985
3.6570806100217865,9180,BG,1985
3.4058430900536156,9139,CL,2015
1.6673667919522444,9046,FI,1965
2.6064123825317864,9045,SG,1990
2.1000995465103416,9041,AT,1970
1.915278864423829,8947,CZ,2005
2.966708046495881,8861,AR,2000
1.5754513455206087,8807,CH,1990
1.9174410293066477,8394,FI,2010
1.9324506558783865,8157,BE,1980
2.0984952120383022,8041,YU,1975
2.2322935310662237,7822,YU,1980
1.912220089571338,7815,NZ,1975
2.041814595660749,7605,AT,2010
1.8361001317523054,7590,CH,2010
1.7794742432288901,7532,GB,1970
3.6798472866103067,7334,AR,2015
2.2429945054945057,7280,YU,1985
1.6052595346275642,7263,FI,1960
1.1225202570550434,7158,AT,1915
3.17698123774853,7142,CL,2010
2.8371701291409326,7124,HU,2005
1.337758743754462,7005,SU,1940
3.5400752314814814,6912,HR,2015
2.579069430352225,6899,IN,1995
2.0676014760147603,6775,GR,1990
1.740921169176262,6774,SE,2005
2.3821834835278475,6769,GR,2000
3.071597633136095,6760,UA,2015
2.7484462858833982,6758,SK,1990
2.4639358860195895,6738,IE,1990
1.7505984440454823,6684,CA,1965
2.9514097180563894,6668,RO,1990
1.1506263366941643,6546,AT,1935
4.474015023762074,6523,PE,2005
3.075616789490548,6242,DD,1990
2.812651282878812,6197,RO,1995
3.8160529715762284,6192,PE,2010
2.472086984745212,6162,CS,1990
1.8729874776386404,6149,SE,2010
1.5254678600488198,6145,DK,1960
2.1062019309441995,6111,HK,1990
1.4118032786885246,6100,BE,1955
3.097299967072768,6074,CO,1995
3.5154929577464795,6035,EA,2000
2.4838120537937898,6023,CZ,2015
3.8521679754182307,5858,CY,2010
1.9132555303954015,5741,TR,2015
3.062139989526968,5729,ZA,2015
1.1203818278239346,5657,AT,1945
1.4393804521986824,5617,GB,1945
2.2832255747126426,5568,PH,1980
2.4188693098384717,5448,CS,1970
3.733382570162482,5416,MA,2010
1.2985544848035582,5396,DE,1920
2.2837988826815634,5370,NO,2010
3.303340413207182,5179,SK,2000
2.743519781718963,5131,RO,1970
1.1492625368731568,5085,DK,1920
2.170640394088669,5075,NL,2015
1.869158878504673,5029,HK,1985
3.0360055699224184,5027,BG,1975
2.6260293231572605,4979,PH,1985
1.7654144548795425,4898,CH,2005
1.3221559349928005,4861,GR,1975
3.102717167558666,4858,RO,2010
1.0,4828,AU,1910
3.3365145228215765,4820,HR,2010
2.058761583824767,4748,PH,1975
2.8091924942019824,4743,IN,2015
1.5235579970420459,4733,CH,1995
3.160422049956933,4644,BG,2000
1.1335638642749082,4627,DK,1925
3.3982608695652154,4600,RS,2010
3.8407699037620313,4572,PE,2000
2.9030738164684764,4457,BG,1990
2.8595505617977532,4450,BG,1995
2.4250814332247534,4298,DK,2015
1.4982332155477034,4245,FI,1955
3.5912098298676747,4232,MA,2005
3.073320719016084,4228,SI,2010
4.09140942809285,4179,CY,2015
2.6098147702670196,4157,SI,1995
1.1368317802844532,4078,DK,1930
3.0110946745562126,4056,IL,2015
2.335307179866764,4053,YU,1990
1.127110228401192,4028,DK,1945
4.197580645161289,3968,UY,2005
1.1352034369471822,3957,DK,1935
1.0,3945,AU,1905
3.203732106339469,3912,HR,2000
4.4163464002049695,3903,UY,2010
3.212280241406454,3811,RS,2005
2.0140211640211643,3780,IN,1970
1.0866310160427803,3740,FR,1970
2.241823056300268,3730,YU,1970
3.124328678839957,3724,PH,2010
3.0184531886024417,3685,PE,1995
3.618410270417918,3661,LT,2010
1.9058459808881394,3558,CH,2015
1.9431400282885423,3535,FI,2015
1.5628725518024413,3523,CL,2005
1.9605073508215627,3469,SE,2015
4.200174570846667,3437,EC,2005
1.6446596244131455,3408,CH,2000
3.3284111045481404,3386,EA,1995
2.1401009201543477,3369,BE,1985
1.1317131713171322,3333,DK,1950
4.605303261200853,3281,CR,2010
3.4527837588434322,3251,CY,2005
3.2700123152709355,3248,CO,2005
1.7986326911124915,3218,WO,1975
1.2627303967510157,3201,DK,1955
1.1419193497968119,3199,GR,1955
1.2151620006291288,3179,FI,1945
3.718513853904282,3176,TN,2010
1.959016393442623,3172,LU,1980
2.6998730964467,3152,IE,1985
4.0922532947605275,3111,EC,2010
4.1604538087520275,3085,CR,2005
2.1971419291977923,3079,AP,2010
3.349622827156444,3049,CO,2000
3.6001324064879188,3021,PE,2015
3.489072847682121,3020,CO,2015
3.018561484918793,3017,IL,2010
3.054421768707484,2940,EE,1995
3.625170068027211,2940,UY,2000
2.4030523759972247,2883,YU,1995
1.0954211814051034,2861,DK,1940
1.9302733006306931,2854,AT,2015
2.042762004907115,2853,MY,1985
1.3119718309859156,2840,GR,2005
1.105504587155963,2834,GR,1950
1.8862828713574977,2814,LU,1975
1.2967581047381547,2807,BR,1960
1.9356913183279736,2799,BE,1990
3.9422174070061393,2769,SU,1965
3.08751373123398,2731,RO,2005
2.530956848030018,2665,YU,2000
2.606026365348398,2655,RO,2000
3.0122511485451753,2612,HR,2005
2.1079109062980037,2604,SK,2010
2.0178225493994573,2581,IE,1995
2.059759410166859,2577,KR,1970
2.191060126582278,2528,PT,1980
1.1727601446364002,2489,FI,1935
1.126777732629013,2461,GR,1935
2.1091131998365333,2447,PH,1970
2.464846980976014,2418,PH,1990
1.704301075268817,2418,NL,1990
2.4460641399416923,2401,HR,1990
3.467632027257241,2348,TN,2005
1.3884861407249467,2345,GR,2010
2.689699570815452,2330,IL,2005
1.681876883340508,2323,IE,2000
2.4908536585365852,2296,NO,2015
1.8435097241067389,2211,HK,1980
1.0,2191,AU,1915
2.102833638025595,2188,HR,1995
2.5800826067003206,2179,SI,2005
2.0772432932469926,2162,IE,2005
2.555659059152305,2147,SI,1990
3.2873831775700935,2140,EE,2000
3.2283018867924516,2120,RO,2015
1.1410926365795726,2105,SU,1920
3.5808612440191405,2090,IS,2000
2.5717749757516972,2062,IL,2000
1.1731517509727623,2056,GR,1960
2.21404193076548,2051,AP,2005
2.2235236700829666,2049,EG,2005
4.971514242878561,2001,UY,2015
2.9237156201349253,1927,MA,2000
2.254440961337513,1914,AR,1995
3.338405036726129,1906,EC,1995
1.9278947368421049,1900,BE,1995
2.234467855213399,1851,HU,2015
2.6589189189189186,1850,ID,2000
3.200216450216449,1848,GE,2000
3.0273822562979182,1826,LT,1990
5.058991981672393,1746,CR,2015
2.709603220241518,1739,HU,1970
2.1716461628588157,1707,SI,2000
3.0729537366548048,1686,OA,2000
3.11503347534997,1643,MD,2005
3.929311395490553,1641,GT,2005
1.6709558823529413,1632,NO,1960
3.27658266748617,1627,LT,2005
1.1364197530864197,1620,DK,1915
2.9281288723667904,1614,MD,2000
4.058421379738969,1609,RS,2000
4.084170854271357,1592,RU,1980
2.0119346733668353,1592,BE,2015
2.1589613679544013,1579,BG,2010
1.1013384321223711,1569,GR,1945
3.032504780114723,1569,LV,1990
2.2558746736292417,1532,SK,2015
1.1986928104575159,1530,FI,1940
1.8364944408109873,1529,SK,2005
1.3168967784352403,1521,EG,2000
2.170940170940171,1521,LU,1985
1.0,1515,AU,1930
4.56726308813784,1509,DO,2010
2.7635366689513368,1459,LV,1995
1.3464730290456428,1446,EG,1975
2.2451388888888895,1440,YU,1965
3.8463172804532566,1412,EC,2000
2.723571428571429,1400,MY,1990
2.86132952108649,1399,MA,1995
2.665226781857451,1389,OA,1995
2.3112391930835745,1388,PT,2015
2.9054151624548736,1385,CZ,1985
1.3118518518518518,1350,FI,1950
2.388558692421991,1346,MA,1990
3.0594795539033455,1345,MD,1995
2.202463433410315,1299,BG,2005
1.84031007751938,1290,BE,2010
3.283931357254289,1282,MA,2015
1.8381548084440968,1279,BE,2000
1.1112852664576796,1276,GR,1925
4.073401736385162,1267,MD,2010
2.3113057324840764,1256,IL,1995
1.7701516360734233,1253,HK,1975
1.2519999999999996,1250,GR,1965
2.1116465863453824,1245,PT,1975
1.7530266343825673,1239,BE,2005
1.1652960526315792,1216,EG,1995
3.598516075845013,1213,GT,2000
3.522500000000001,1200,GE,2005
2.4371859296482405,1194,SI,2015
1.1157718120805364,1192,GR,1940
1.1369257950530027,1132,GR,1930
1.2234234234234234,1110,CL,2000
3.790613718411551,1108,TN,2015
1.9539295392953933,1107,ZW,1980
1.971428571428571,1085,OA,1980
2.2866479925303445,1071,OA,1985
1.7296538821328344,1069,IE,2010
2.6740172579098744,1043,NL,1970
3.960538979788257,1039,IS,2005
3.8592666005946477,1009,PA,2000
4.26052104208417,998,DO,2005
1.9277108433734942,996,MA,1980
4.289447236180905,995,GT,2010
3.041497975708502,988,IS,1995
4.919959473150962,987,CU,2010
1.9595015576323995,963,BG,2015
3.187304890738814,961,GE,1995
2.7354166666666657,960,CO,1990
4.7125,960,DO,2015
2.3023983315954104,959,AP,2000
1.0,952,AU,1900
1.7357894736842105,950,LU,2015
2.518440463645943,949,TN,1995
2.987261146496815,942,TN,2000
1.487376509330406,911,GR,2015
2.51431718061674,908,EG,2010
3.4926387315968297,883,SA,2005
1.1343963553530758,878,EG,1990
2.7568493150684934,876,AP,1995
1.6022988505747127,870,ZA,1965
3.6251441753171862,867,EA,2015
2.9861111111111116,864,SA,1995
2.616292798110981,847,LT,1995
1.988151658767772,844,MY,1980
4.567022538552787,843,PA,2005
3.0688018979833926,843,LV,2010
3.4178743961352667,828,GE,2010
2.6541262135922343,824,LV,2005
2.9317904993909862,821,NL,1975
2.334963325183374,818,ZW,1985
3.3055214723926385,815,CR,2000
3.2558425584255835,813,SA,2000
3.8888888888888893,792,DO,2000
2.4179292929292915,792,IL,1990
2.674271229404311,789,NL,1965
2.7106598984771564,788,LT,2015
4.385109114249038,779,ME,2005
2.408854166666666,768,LV,2000
2.9348109517601046,767,DD,1970
5.001322751322755,756,ME,2010
2.424603174603173,756,OA,1990
2.3775100401606415,747,RS,2015
2.119487908961593,703,LU,1990
3.1467625899280565,695,MD,1990
2.109826589595376,692,EE,2005
3.1378299120234603,682,IN,2000
2.9580209895052456,667,GT,1995
2.8215892053973013,667,LT,2000
1.9108761329305135,662,MY,1975
1.7457627118644068,649,EG,1970
3.850077279752706,647,RU,1975
2.132398753894081,642,TN,1990
2.2187500000000004,640,CU,1975
2.5070866141732298,635,PE,1990
2.069510268562401,633,MA,1985
2.7432646592709995,631,IS,1990
2.5605815831987093,619,SM,2010
1.9456342668863265,607,MY,1970
2.327841845140034,607,IL,1985
1.1851239669421485,605,EG,1980
3.846026490066226,604,MD,2015
2.3839732888146905,599,LU,2010
1.636054421768708,588,IE,2015
4.609589041095892,584,CU,2005
4.332761578044597,583,ME,2000
1.3758620689655172,580,BE,1950
2.952296819787987,566,DZ,1995
3.5256637168141602,565,PL,1985
3.076923076923079,559,NZ,2015
2.6318681318681314,546,CU,1980
2.3529411764705888,544,ZW,1990
1.0,544,AU,1920
1.9574074074074073,540,TN,1985
2.0656660412757986,533,OA,1975
2.1077504725897915,529,EE,2010
3.00767754318618,521,EE,1990
2.9922330097087366,515,BG,1970
2.7788649706457935,511,PA,1995
1.1205533596837938,506,GR,1920
2.6560636182902573,503,UA,1995
2.2464646464646467,495,CS,1965
3.700836820083682,478,HN,2010
4.149789029535864,474,JO,2005
4.946466809421844,467,SV,2005
3.0322580645161277,465,SK,1985
2.0518358531317498,463,IS,1985
2.168122270742359,458,EC,1990
2.109649122807018,456,MX,1970
5.22466960352423,454,CU,2015
2.0418502202643167,454,LU,1995
2.662222222222223,450,SA,1990
2.830357142857142,448,SG,1985
2.793650793650794,441,AP,1990
4.241457858769929,439,HN,2005
2.0986238532110093,436,IL,1980
4.50117647058824,425,SV,2000
2.037825059101656,423,IL,1975
1.9455445544554455,404,KE,1985
3.690176322418136,397,CU,1995
3.3121827411167497,394,UY,1995
4.333333333333335,393,CU,2000
2.1841432225063935,391,MC,1985
2.817460317460317,378,SI,1985
3.3690140845070427,355,HN,2000
3.6122448979591835,343,JO,2000
3.5176470588235302,340,CY,2000
1.208333333333333,336,FI,1930
3.0359281437125754,334,SA,2010
1.763636363636364,330,MY,1965
2.0305810397553516,327,LU,2000
2.452307692307692,325,SM,2005
3.2676923076923083,325,LV,2015
2.3281733746130033,323,KE,1980
2.1531250000000015,320,JO,1995
1.7492163009404391,319,MC,1980
1.649681528662421,314,IS,1980
3.2866242038216558,314,SV,1995
1.8626198083067094,313,GB,1975
4.208609271523178,302,JO,2010
1.1390728476821186,302,SU,1915
1.7433333333333336,300,OA,1960
2.204778156996587,293,CR,1995
3.815068493150685,292,CU,1985
1.9825174825174818,286,JO,1980
3.070921985815603,282,GC,2000
1.177935943060498,281,DE,1915
2.3062730627306274,271,LU,2005
2.1498127340823983,267,IT,1965
1.5842696629213482,267,IS,1965
2.876404494382021,267,IN,2005
5.3807692307692285,260,SV,2010
2.2692307692307683,260,MC,1990
1.6937984496124032,258,BE,1965
2.929133858267718,254,NL,1980
2.8853754940711465,253,NL,1960
2.040322580645161,248,JO,1985
2.446721311475412,244,SI,1980
2.3884297520661164,242,PH,1995
2.5916666666666677,240,ID,1990
1.766666666666667,240,SE,1955
2.6945606694560666,239,DZ,1990
3.7489539748953966,239,SM,2015
1.056277056277056,231,EG,1985
1.7608695652173914,230,MC,1975
2.2702702702702697,222,KE,1975
2.6743119266055047,218,JO,1990
3.3348623853211015,218,GT,2015
4.023474178403755,213,CU,1990
1.5868544600938967,213,IS,1970
1.7488151658767774,211,MY,1960
1.828571428571429,210,JO,1975
2.2378640776699017,206,BA,1995
2.402912621359225,206,GE,2015
2.6323529411764697,204,DZ,2000
1.7738693467336686,199,CA,1960
2.8445595854922288,193,MY,2015
2.3560209424083767,191,CU,1970
1.299465240641711,187,HN,1995
2.082872928176797,181,MA,1975
4.357541899441342,179,NI,2005
1.9494382022471912,178,OA,1970
1.440476190476191,168,IS,1975
2.940119760479042,167,TJ,2000
1.4242424242424239,165,IS,1955
1.3987730061349695,163,IS,1960
1.8159509202453992,163,EE,2015
3.796296296296297,162,RS,1995
1.1383647798742138,159,BE,1930
3.9225806451612897,155,RU,1970
1.1764705882352942,153,BE,1925
2.2617449664429543,149,RO,1965
3.0684931506849327,146,TJ,1995
1.3263888888888886,144,BR,1955
2.007142857142857,140,TR,1990
1.56115107913669,139,MT,1970
1.1970802919708028,137,BE,1945
5.066666666666666,135,SV,2015
2.0296296296296297,135,IL,1970
2.4031007751937987,129,AP,1985
1.2539682539682544,126,SM,2000
1.1428571428571432,126,DE,1910
2.1186440677966094,118,DZ,1985
1.2956521739130442,115,IS,1945
1.2831858407079644,113,IS,1950
2.0089285714285716,112,NZ,1970
2.2685185185185186,108,PH,1965
1.933333333333333,105,OA,1965
1.161904761904762,105,DE,1905
1.0673076923076918,104,DE,1900
1.7254901960784312,102,GB,1940
